epoch	train_loss	heldout_auc	heldout_ap
1		0.5014013596365751	0.5007016780746794
2		0.5	0.5
3		0.5	0.5
4		0.5	0.5
5		0.5	0.5
