epoch	train_loss	heldout_auc	heldout_ap
1		0.5088781764054974	0.5044789191140229
2		0.5	0.5
3		0.5	0.5
4		0.5	0.5
5		0.5	0.5
